id;nom;prenom;c_in;date_naissance;phone;rib;email;sex
1;parce que tsoin-tsoin mélancolique;autrement malgré;impromptu viser;2024-02-08;+33 787462117;clientèle smack;Delphine_Carpentier31@gmail.com;énumérer boum à seule fin de
2;police tant que triste;enfermer;pin-pon y;2024-02-09;+33 157899147;jadis obliger;Adonis_Philippe57@yahoo.fr;d’autant que grrr
3;comme;à l'encontre de;contester hi;2024-02-09;0740780613;de façon à ce que direction dring;Xaviere84@yahoo.fr;alors spécialiste psitt
4;triathlète énorme;à condition que;entre commis;2024-02-09;0125525534;gestionnaire vaste joliment;Angeline.Meunier@gmail.com;patientèle juriste
5;au dépens de toc;drelin euh;mélancolique;2024-02-08;+33 139962191;sale ouf;Maguelone10@yahoo.fr;suffisamment plaisanter
6;totalement déployer;sale cyan à l'instar de;si bien que;2024-02-09;0360920262;habiller;Maugis15@gmail.com;là-haut
7;fouiller;parlementaire dehors cot cot;au-dessous de;2024-02-08;0740324675;de sorte que souvent zzzz;Estelle.Brun@gmail.com;jurer
8;pff sitôt que;falloir;devant présidence;2024-02-08;+33 687339342;quand;Anael.Barbier@gmail.com;oups ha ha crac
9;smack;turquoise;égoïste;2024-02-08;+33 629642267;outre diététiste;Manasse.Collet@yahoo.fr;rudement
10;triathlète;suivant;personnel;2024-02-08;+33 391123547;dedans au point que;Emmanuel_Thomas15@yahoo.fr;téméraire d'abord ha
